NUM;NAME;LAST_NAME;EMAIL;PHONE
1;John1;Bigfoot1;no@mail.com;555666
2;John2;Bigfoot2;no@mail.com;555666
3;John3;Bigfoot3;no@mail.com;555666
4;John4;Bigfoot4;no@mail.com;555666
5;John5;Bigfoot5;no@mail.com;555666
6;John6;Bigfoot6;no@mail.com;555666
7;John7;Bigfoot7;no@mail.com;555666
8;John8;Bigfoot8;no@mail.com;555666
9;John9;Bigfoot9;no@mail.com;555666
10;John10;Bigfoot10;no@mail.com;555666
11;John11;Bigfoot11;no@mail.com;555666
12;John12;Bigfoot12;no@mail.com;555666
13;John13;Bigfoot13;no@mail.com;555666
14;John14;Bigfoot14;no@mail.com;555666
15;John15;Bigfoot15;no@mail.com;555666
16;John16;Bigfoot16;no@mail.com;555666
17;John17;Bigfoot17;no@mail.com;555666
18;John18;Bigfoot18;no@mail.com;555666
19;John19;Bigfoot19;no@mail.com;555666
20;John20;Bigfoot20;no@mail.com;555666